"Country Name","Country Code","Indicator Name","Indicator Code","1960","1961","1962","1963","1964","1965","1966","1967","1968","1969","1970","1971","1972","1973","1974","1975","1976","1977","1978","1979","1980","1981","1982","1983","1984","1985","1986","1987","1988","1989","1990","1991","1992","1993","1994","1995","1996","1997","1998","1999","2000","2001","2002","2003","2004","2005","2006","2007","2008","2009","2010","2011","2012","2013","2014","2015","2016","2017","2018",
"Aruba","ABW","CO2 emissions (kt)","EN.ATM.CO2E.KT","","","","","","","","","","","","","","","","","","","","","","","","","","","179.683","447.374","612.389","649.059","1639.149","1683.153","1463.133","1595.145","1613.48","1668.485","1690.487","1745.492","1796.83","1807.831","2379.883","2409.219","2438.555","2563.233","2618.238","2720.914","2717.247","2823.59","2658.575","2629.239","2508.228","2500.894","1349.456","861.745","872.746","","","","",
"Afghanistan","AFG","CO2 emissions (kt)","EN.ATM.CO2E.KT","414.371","491.378","689.396","707.731","839.743","1008.425","1092.766","1283.45","1224.778","942.419","1672.152","1895.839","1532.806","1639.149","1917.841","2126.86","1987.514","2390.884","2159.863","2240.537","1760.16","1983.847","2101.191","2522.896","2830.924","3509.319","3142.619","3124.284","2867.594","2775.919","2614.571","2438.555","1393.46","1345.789","1294.451","1243.113","1177.107","1096.433","1041.428","821.408","773.737","817.741","1070.764","1195.442","949.753","1327.454","1650.15","2273.54","4206.049","6769.282","8463.436","12240.446","10755.311","10014.577","9809.225","","","","",
"Angola","AGO","CO2 emissions (kt)","EN.ATM.CO2E.KT","550.05","454.708","1180.774","1151.438","1224.778","1188.108","1554.808","993.757","1672.152","2786.92","3582.659","3410.31","4506.743","4880.777","4873.443","4415.068","3285.632","3534.988","5412.492","5504.167","5346.486","5280.48","4649.756","5115.465","5009.122","4701.094","4660.757","5815.862","5130.133","5009.122","5115.465","5089.796","5196.139","5775.525","3890.687","10975.331","10458.284","7381.671","7308.331","9156.499","9541.534","9732.218","12665.818","9064.824","18793.375","19156.408","22266.024","25151.953","25709.337","27792.193","29057.308","30340.758","33399.036","32617.965","34763.16","","","","",
"Albania","ALB","CO2 emissions (kt)","EN.ATM.CO2E.KT","2024.184","2280.874","2464.224","2082.856","2016.85","2174.531","2552.232","2680.577","3072.946","3245.295","3744.007","4352.729","5643.513","5291.481","4345.395","4594.751","4950.45","5720.52","6494.257","7587.023","5170.47","7341.334","7308.331","7631.027","7825.378","7880.383","8056.399","7444.01","7326.666","8984.15","5515.168","4286.723","2515.562","2335.879","1925.175","2086.523","2016.85","1543.807","1752.826","2984.938","3021.608","3223.293","3751.341","4294.057","4165.712","4253.72","3898.021","3927.357","4374.731","4378.398","4598.418","5240.143","4910.113","5064.127","5716.853","","","","",
"Andorra","AND","CO2 emissions (kt)","EN.ATM.CO2E.KT","","","","","","","","","","","","","","","","","","","","","","","","","","","","","","","407.037","407.037","407.037","410.704","407.037","425.372","454.708","465.709","491.378","513.38","524.381","524.381","531.715","535.382","561.051","575.719","546.383","539.049","539.049","517.047","517.047","491.378","487.711","476.71","462.042","","","","",
"Arab World","ARB","CO2 emissions (kt)","EN.ATM.CO2E.KT","59535.3965668244","65119.8211677554","74322.0136113395","87853.7862317295","103146.744008786","123768.755322085","139012.387595124","149659.083348761","178719.206389615","213029.302422699","220469.515719865","250795.355519852","272741.783499954","318446.999109467","310771.986181621","307638.878609738","373316.73780395","395094.403549501","425706.405399379","455940.526593631","508535.643865904","497257.924104816","476720.293908793","508407.237817876","554637.08385219","586804.633255321","648157.043003105","649426.428506467","688300.44236089","699383.718677822","671736.062165277","740323.235533382","795658.904744996","877890.137902134","901869.050185308","866641.76809488","862033.825342789","833006.721","906420.061","919932.956","1045762.394","1040650.596","1062153.884","1143168.915","1252559.192","1318345.172","1381941.953","1359855.612","1491970.288","1581327.744","1645558.916","1655808.181","1796962.012","1775095.691","1895700.3207852","","","","",
"United Arab Emirates","ARE","CO2 emissions (kt)","EN.ATM.CO2E.KT","11.001","11.001","18.335","22.002","18.335","22.002","25.669","916.75","1243.113","20524.199","15247.386","21184.259","23454.132","30630.451","31327.181","31070.491","39651.271","38785.859","44814.407","36607.661","36904.688","36857.017","36871.685","35342.546","46394.884","49926.205","47234.627","47693.002","48367.73","54487.953","52009.061","57010.849","58136.618","65980.331","73130.981","70641.088","41059.399","41646.119","81495.408","78374.791","112562.232","101414.552","84704.033","106841.712","113240.627","116148.558","123874.927","135627.662","157354.637","167959.601","160812.618","165440.372","176386.367","170706.184","211369.547","","","","",
"Argentina","ARG","CO2 emissions (kt)","EN.ATM.CO2E.KT","48815.104","51180.319","53695.881","50083.886","55727.399","58866.351","63138.406","65543.958","69082.613","77329.696","82734.854","88939.418","90156.862","94065.884","95569.354","94931.296","99786.404","100791.162","102639.33","110703.063","108737.551","102041.609","103424.068","105213.564","106522.683","100596.811","104212.473","114942.115","121473.042","117090.977","112147.861","117098.311","121352.031","117927.053","122408.127","127963.632","135000.605","138003.878","139815.376","146984.361","142136.587","133720.822","124714.67","135062.944","157589.325","162110.736","175436.614","175176.257","189107.19","179961.692","187919.082","191633.753","192356.152","189851.591","204024.546","","","","",
"Armenia","ARM","CO2 emissions (kt)","EN.ATM.CO2E.KT","","","","","","","","","","","","","","","","","","","","","","","","","","","","","","","","","5826.863","2555.899","2706.246","3410.31","2563.233","3234.294","3362.639","3014.274","3465.315","3542.322","3043.61","3428.645","3644.998","4352.729","4382.065","5064.127","5559.172","4360.063","4217.05","4917.447","5694.851","5496.833","5529.836","","","","",
"Antigua and Barbuda","ATG","CO2 emissions (kt)","EN.ATM.CO2E.KT","36.67","47.671","102.676","84.341","91.675","150.347","348.365","564.718","990.09","1257.781","462.042","425.372","374.034","330.03","429.039","707.731","403.37","465.709","491.378","407.037","143.013","106.343","293.36","84.341","146.68","249.356","249.356","275.025","286.026","286.026","282.359","267.691","264.024","271.358","267.691","275.025","293.36","308.028","319.029","330.03","344.698","348.365","370.367","403.37","421.705","429.039","443.707","469.376","480.377","509.713","524.381","513.38","524.381","524.381","531.715","","","","",
"Australia","AUS","CO2 emissions (kt)","EN.ATM.CO2E.KT","88202.351","90589.568","94912.961","101029.517","108979.573","120966.996","120332.605","129265.417","134622.904","142257.598","147618.752","152774.554","157486.649","170992.21","172356.334","175883.988","174244.839","187787.07","202015.03","205069.641","220746.066","230360.94","234119.615","225003.453","236594.84","241229.928","239964.813","256106.947","261145.405","277771.583","263704.971","261471.768","267984.36","277397.549","278119.948","281860.288","302164.467","305794.797","316883.805","325343.574","329443.28","324844.862","341353.696","336271.234","342699.485","350172.831","365346.877","372090.49","385904.079","394792.887","390861.863","391818.95","388126.281","372266.506","361261.839","","","","",
"Austria","AUT","CO2 emissions (kt)","EN.ATM.CO2E.KT","30821.135","31862.563","33905.082","36992.696","38943.54","38188.138","39258.902","39966.633","42350.183","44693.396","50692.608","52155.741","56193.108","60164.469","57469.224","54392.611","58415.31","56218.777","57483.892","61594.599","52306.088","56130.769","53868.23","51983.392","54550.292","54700.639","54080.916","57744.249","53340.182","54117.586","57685.577","61605.6","56658.817","57102.524","57054.853","59783.101","63178.743","62658.029","63662.787","61869.624","62283.995","65888.656","67073.097","72195.896","72390.247","74216.413","72162.893","69735.339","69027.608","62731.369","67502.136","65019.577","62272.994","62485.68","58712.337","","","","",
"Azerbaijan","AZE","CO2 emissions (kt)","EN.ATM.CO2E.KT","","","","","","","","","","","","","","","","","","","","","","","","","","","","","","","","","56240.779","48452.071","41976.149","33333.03","31257.508","29809.043","31675.546","28576.931","29508.349","28771.282","29614.692","30615.783","32089.917","34337.788","39167.227","30509.44","35503.894","31902.9","30678.122","33446.707","35555.232","35643.24","37487.741","","","","",
"Burundi","BDI","CO2 emissions (kt)","EN.ATM.CO2E.KT","","","44.004","47.671","47.671","36.67","47.671","47.671","55.005","73.34","62.339","73.34","73.34","73.34","91.675","77.007","88.008","99.009","102.676","110.01","146.68","157.681","157.681","205.352","220.02","231.021","234.688","249.356","227.354","267.691","209.019","238.355","216.353","227.354","234.688","238.355","242.022","249.356","249.356","253.023","271.358","205.352","212.686","161.348","198.018","154.014","187.017","187.017","190.684","190.684","212.686","242.022","282.359","289.693","440.04","","","","",
"Belgium","BEL","CO2 emissions (kt)","EN.ATM.CO2E.KT","91000.272","92793.435","98117.919","105781.949","103662.423","105440.918","105206.23","107472.436","118557.777","123618.237","125620.419","121528.047","130834.893","138872.957","135220.625","122100.099","130009.818","126570.172","135855.016","140233.414","135301.299","124021.607","117553.019","101630.905","105422.583","104472.83","102874.018","103116.04","100354.789","107461.435","106049.64","110959.753","111968.178","107652.119","112334.878","112327.544","118059.065","115341.818","118374.427","114260.053","115118.131","114527.744","107311.088","112914.264","111102.766","108510.197","107072.733","103545.079","104443.494","99863.411","110824.074","99944.085","95107.312","96970.148","93350.819","","","","",
"Benin","BEN","CO2 emissions (kt)","EN.ATM.CO2E.KT","161.348","128.345","135.679","121.011","143.013","150.347","113.677","143.013","154.014","201.685","282.359","293.36","388.702","381.368","407.037","443.707","260.357","297.027","363.033","366.7","517.047","429.039","491.378","454.708","502.379","744.401","685.729","539.049","553.717","630.724","707.731","821.408","898.415","1133.103","1265.115","1327.454","1265.115","1217.444","1213.777","1562.142","1598.812","1815.165","2079.189","2354.214","2508.228","2394.551","3872.352","4495.742","4411.401","4660.757","5089.796","5295.148","5471.164","5812.195","6318.241","","","","",
"Burkina Faso","BFA","CO2 emissions (kt)","EN.ATM.CO2E.KT","44.004","91.675","84.341","88.008","110.01","102.676","102.676","102.676","102.676","121.011","143.013","150.347","161.348","168.682","205.352","220.02","209.019","249.356","348.365","407.037","432.706","557.384","575.719","594.054","465.709","476.71","480.377","517.047","553.717","821.408","583.053","627.057","630.724","627.057","645.392","627.057","707.731","806.74","861.745","931.418","1041.428","997.424","1004.758","1078.098","1103.767","1125.769","1360.457","1646.483","1917.841","1932.509","1961.845","2211.201","2629.239","3058.278","2849.259","","","","",
"Bangladesh","BGD","CO2 emissions (kt)","EN.ATM.CO2E.KT","","","","","","","","","","","","","3509.319","4554.414","4660.757","4869.776","5570.173","5812.195","6017.547","6648.271","7638.361","7931.721","8599.115","8236.082","9123.496","10234.597","11463.042","11862.745","13545.898","13454.223","15533.412","15940.449","17748.28","17407.249","18969.391","22816.074","24029.851","25063.945","24048.186","25236.294","27869.2","32456.617","33707.064","35672.576","37704.094","39478.922","43541.958","44381.701","49511.834","53736.218","59937.115","63413.431","67505.803","69709.67","73189.653","","","","",
"Bulgaria","BGR","CO2 emissions (kt)","EN.ATM.CO2E.KT","22295.36","25973.361","30736.794","34411.128","42863.563","46317.877","48767.433","55166.348","59526.411","66376.367","61238.9","64300.845","66171.015","68825.923","71260.811","73061.308","73116.313","75969.239","81411.067","79152.195","77487.377","80343.97","90131.193","90365.881","87366.275","89540.806","91528.32","91634.663","87289.268","86739.218","74480.437","57549.898","54205.594","67861.502","54161.59","58004.606","56559.808","51616.692","48998.454","43981.998","43530.957","46453.556","44634.724","47307.967","46801.921","47916.689","48991.12","52254.75","50740.279","42665.545","44114.01","49346.819","44708.064","39599.933","42416.189","","","","",
"Bahrain","BHR","CO2 emissions (kt)","EN.ATM.CO2E.KT","575.719","1771.161","1591.478","1195.442","1598.812","1228.445","649.059","1004.758","1103.767","1272.449","2592.569","3039.943","3681.668","5522.502","5405.158","5753.523","6574.931","7469.679","7766.706","8133.406","7887.717","8525.775","9838.561","8228.748","9207.837","10194.26","11012.001","11430.039","12163.439","11738.067","12427.463","11877.413","10901.991","14642.331","14789.011","14818.347","15621.42","17319.241","18404.673","18019.638","18643.028","13927.266","15698.427","16468.497","17509.925","19207.746","18830.045","26846.107","29768.706","28217.565","29266.327","28650.271","26673.758","31312.513","31338.182","","","","",
"Bahamas, The","BHS","CO2 emissions (kt)","EN.ATM.CO2E.KT","410.704","546.383","726.066","707.731","1085.432","1316.453","1092.766","1705.155","1631.815","1745.492","2574.234","6732.612","6490.59","7873.049","7389.005","8254.417","6464.921","9717.55","6607.934","6930.63","7990.393","2801.588","2262.539","2016.85","1855.502","1510.804","1411.795","1422.796","1540.14","1947.177","1950.844","1782.162","1793.163","1701.488","1686.82","1683.153","1668.485","1364.124","1679.486","1675.819","1668.485","1569.476","1576.81","1518.138","1723.49","1741.825","1664.818","1690.487","1496.136","1642.816","1653.817","1866.503","1969.179","2801.588","2416.553","","","","",
"Bosnia and Herzegovina","BIH","CO2 emissions (kt)","EN.ATM.CO2E.KT","","","","","","","","","","","","","","","","","","","","","","","","","","","","","","","","","15053.035","12603.479","3230.627","3428.645","4257.387","8393.763","10593.963","10377.61","13787.92","13362.548","14301.3","14488.317","15610.419","16204.473","17564.93","17652.938","20153.832","20703.882","21275.934","23886.838","22258.69","21921.326","22233.021","","","","",
"Belarus","BLR","CO2 emissions (kt)","EN.ATM.CO2E.KT","","","","","","","","","","","","","","","","","","","","","","","","","","","","","","","","","87417.613","76768.645","65056.247","60773.191","60164.469","59555.747","58099.948","56112.434","53787.556","52760.796","52405.097","53530.866","58158.62","59167.045","62071.309","60523.835","63105.403","61220.565","63043.064","64062.49","63222.747","63769.13","63497.772","","","","",
"Belize","BLZ","CO2 emissions (kt)","EN.ATM.CO2E.KT","44.004","36.67","69.673","62.339","84.341","84.341","80.674","121.011","102.676","135.679","121.011","143.013","157.681","146.68","154.014","176.016","176.016","198.018","216.353","209.019","190.684","183.35","172.349","172.349","172.349","190.684","205.352","227.354","249.356","300.694","311.695","359.366","355.699","377.701","374.034","377.701","308.028","388.702","370.367","348.365","396.036","447.374","432.706","432.706","392.369","421.705","443.707","476.71","436.373","586.72","539.049","601.388","476.71","513.38","495.045","","","","",
"Bermuda","BMU","CO2 emissions (kt)","EN.ATM.CO2E.KT","157.681","176.016","157.681","150.347","201.685","179.683","201.685","212.686","223.687","198.018","227.354","231.021","253.023","425.372","443.707","458.375","469.376","454.708","425.372","462.042","436.373","388.702","396.036","451.041","443.707","451.041","421.705","572.052","645.392","781.071","502.379","539.049","462.042","539.049","531.715","531.715","528.048","524.381","520.714","513.38","517.047","528.048","557.384","561.051","583.053","583.053","652.726","729.733","649.059","476.71","608.722","443.707","476.71","458.375","575.719","","","","",
"Bolivia","BOL","CO2 emissions (kt)","EN.ATM.CO2E.KT","1004.758","1041.428","1100.1","1213.777","1481.468","1510.804","1690.487","1892.172","2178.198","2548.565","2486.226","3061.945","3571.658","3457.981","3516.653","4059.369","4580.083","4481.074","5027.457","4737.764","4668.091","4792.769","4349.062","4290.39","4041.034","4125.375","3777.01","4030.033","4308.725","4994.454","5757.19","6006.546","6655.605","7829.045","8635.785","9849.562","9827.56","10942.328","10989.999","10443.616","11067.006","8621.117","10395.945","11092.675","11114.677","12185.441","15056.702","12332.121","13237.87","13989.605","15203.382","16145.801","18793.375","18918.053","20410.522","","","","",
"Brazil","BRA","CO2 emissions (kt)","EN.ATM.CO2E.KT","46908.264","49203.806","53695.881","55617.389","56735.824","56398.46","64304.512","66193.017","77421.371","84315.331","93761.523","102635.663","114362.729","132463.041","143456.707","151164.741","155154.437","162961.48","176925.416","188322.452","187090.34","171806.284","172176.651","166632.147","168806.678","181248.809","198883.412","207530.198","209363.698","214024.455","208886.988","219330.604","220705.729","230738.641","242154.012","258347.484","284782.887","300547.32","312289.054","320173.104","327983.814","337433.673","332266.87","321621.569","337826.042","347308.904","347668.27","363212.683","387631.236","367147.374","419754.156","439412.943","470028.726","503677.118","529808.16","","","","",
"Barbados","BRB","CO2 emissions (kt)","EN.ATM.CO2E.KT","172.349","194.351","260.357","190.684","179.683","205.352","267.691","337.364","440.04","480.377","429.039","484.044","502.379","480.377","491.378","568.385","531.715","590.387","630.724","601.388","674.728","685.729","645.392","685.729","748.068","847.077","916.75","942.419","946.086","990.09","1074.431","1206.443","979.089","1114.768","748.068","828.742","850.744","902.082","1140.437","1210.11","1188.108","1221.111","1228.445","1268.782","1294.451","1353.123","1371.458","1364.124","1620.814","1617.147","1477.801","1529.139","1470.467","1448.465","1272.449","","","","",
"Brunei Darussalam","BRN","CO2 emissions (kt)","EN.ATM.CO2E.KT","333.697","304.361","370.367","355.699","341.031","333.697","491.378","440.04","429.039","487.711","8210.413","7517.35","9460.86","9981.574","8184.744","7080.977","6024.881","6395.248","9541.534","7440.343","6882.959","1470.467","2093.857","2706.246","1917.841","2596.236","2299.209","3318.635","5716.853","6347.577","6193.563","5309.816","5214.474","4968.785","4693.76","4789.102","4869.776","5060.46","5269.479","3909.022","4712.095","4506.743","4378.398","4591.084","4998.121","5005.455","4862.442","8415.765","9119.829","7862.048","8203.079","9695.548","9666.212","7803.376","9108.828","","","","",
"Bhutan","BTN","CO2 emissions (kt)","EN.ATM.CO2E.KT","","","","","","","","","","","3.667","3.667","3.667","3.667","3.667","3.667","3.667","7.334","11.001","22.002","22.002","25.669","33.003","29.336","51.338","62.339","55.005","102.676","110.01","62.339","128.345","187.017","216.353","183.35","212.686","249.356","300.694","392.369","381.368","385.035","396.036","385.035","418.038","377.701","308.028","396.036","392.369","392.369","421.705","388.702","487.711","733.4","817.741","920.417","1001.091","","","","",
"Botswana","BWA","CO2 emissions (kt)","EN.ATM.CO2E.KT","","","","","","","","","","","","","22.002","51.338","88.008","187.017","594.054","781.071","832.409","942.419","986.423","1008.425","1100.1","1030.427","1045.095","1158.772","1067.097","1239.446","1301.785","1430.13","2702.579","2636.573","2779.586","3197.624","3032.609","3047.277","2757.584","2801.588","3344.304","3160.954","3780.677","3850.35","3978.695","3828.348","3898.021","4096.039","4136.376","4231.718","4506.743","3762.342","4686.426","4176.713","4231.718","5229.142","7033.306","","","","",
"Central African Republic","CAF","CO2 emissions (kt)","EN.ATM.CO2E.KT","88.008","88.008","73.34","73.34","73.34","88.008","84.341","91.675","183.35","187.017","209.019","183.35","168.682","161.348","113.677","102.676","128.345","128.345","146.68","102.676","106.343","135.679","143.013","146.68","150.347","161.348","161.348","260.357","231.021","249.356","198.018","205.352","216.353","223.687","234.688","234.688","234.688","245.689","249.356","264.024","267.691","245.689","245.689","234.688","234.688","234.688","249.356","253.023","253.023","253.023","264.024","278.692","293.36","297.027","300.694","","","","",
"Canada","CAN","CO2 emissions (kt)","EN.ATM.CO2E.KT","192895.201","194182.318","207185.5","211109.19","237801.283","252153.921","259319.239","281896.958","303539.592","307400.943","341485.708","352607.719","381136.979","381621.023","389970.782","397143.434","399317.965","408151.768","415896.472","442067.851","443233.957","430003.421","414811.04","408687.15","425595.687","422079.034","405053.153","431349.21","456053.789","463274.112","435181.225","426780.128","440978.752","445580.837","456849.528","467637.842","479419.913","495294.356","506533.711","515389.516","534380.909","527926.989","519335.208","553100.944","552198.862","557417.003","543819.767","554355.058","561028.998","536764.459","534670.602","537112.824","517457.704","517160.677","537193.498","","","","",
"Central Europe and the Baltics","CEB","CO2 emissions (kt)","EN.ATM.CO2E.KT","466533.409572869","491649.846074341","526298.905896685","569115.739168458","611356.776400714","630347.382815115","650420.272526013","676656.312437655","722506.737806506","776524.936624784","808071.095567516","832585.07880542","869398.705220759","905753.82738241","935124.756842526","997763.901919111","1056884.29342088","1100015.68193646","1156662.28304623","1168855.29732746","1200252.1758155","1127030.11279041","1155830.57765582","1166616.09050712","1165133.94884985","1186219.81307471","1207582.91242971","1241032.39716973","1198460.81035923","1164222.27178728","998302.377844954","910237.572467898","869420.031","862779.094","809460.914","829141.703","841616.837","819783.519","772365.542","730323.387","716172.434","735427.851","723609.11","747044.907","737158.675","741020.026","767081.395","767136.4","751518.647","682828.403","712993.145","715087.002","676033.452","658046.817","636385.848","","","","",
"Switzerland","CHE","CO2 emissions (kt)","EN.ATM.CO2E.KT","19523.108","20388.52","24154.529","29104.979","28166.227","30370.094","31528.866","32562.96","36028.275","38096.463","40296.663","41943.146","42973.573","46262.872","41481.104","39097.554","40483.68","41085.068","42218.171","39911.628","40538.685","38859.199","36629.663","40069.309","39174.561","39827.287","42295.178","40252.659","40711.034","39467.921","42610.54","42705.882","42793.89","40751.371","41323.423","39225.899","39885.959","41466.436","41704.791","40692.699","39049.883","42944.237","40696.366","40175.652","40366.336","41338.091","41851.471","37986.453","40403.006","41646.119","38994.878","36967.027","37773.767","40226.99","35305.876","","","","",
"Chile","CHL","CO2 emissions (kt)","EN.ATM.CO2E.KT","13490.893","14473.649","16725.187","17355.911","17524.593","17766.615","18793.375","19259.084","21224.596","22555.717","24664.242","27095.463","28191.896","27652.847","25955.026","23014.092","24103.191","23109.434","22948.086","24862.26","25265.63","24554.232","20615.874","20839.561","22200.018","21503.288","22247.689","22673.061","26926.781","32386.944","33314.695","31323.514","32474.952","34627.481","38103.797","41745.128","48499.742","56394.793","57641.573","61502.924","58815.013","53340.182","55162.681","55602.721","59775.767","61818.286","64814.225","71638.512","71851.198","66805.406","72250.901","79243.87","80974.694","83226.232","82562.505","","","","",
"China","CHN","CO2 emissions (kt)","EN.ATM.CO2E.KT","780726.302","552066.85","440359.029","436695.696","436923.05","475972.933","522789.522","433234.048","468928.626","577237.138","771617.474","876633.02","931575.681","968542.708","988014.478","1145607.47","1196193.735","1310310.775","1462168.579","1494859.884","1467192.369","1451501.276","1580260.647","1667029.201","1814908.31","1966553.428","2068969.071","2209708.531","2369501.723","2408540.605","2442431.019","2565594.548","2690455.898","2878694.009","3058241.33","3320285.15","3463089.131","3469510.048","3324344.519","3318055.614","3405179.867","3487566.356","3850269.326","4540417.061","5233538.733","5896957.705","6529291.518","7030797.772","7553070.247","8001008.965","8776040.416","9733538.12","10028573.939","10258007.128","10291926.878","","","","",
"Cote d'Ivoire","CIV","CO2 emissions (kt)","EN.ATM.CO2E.KT","462.042","553.717","586.72","623.39","762.736","1173.44","1294.451","1488.802","1763.827","2086.523","2442.222","2706.246","3014.274","3208.625","3560.657","3989.696","3964.027","4055.702","4818.438","5423.493","6222.899","4466.406","6109.222","4840.44","5405.158","7326.666","5966.209","7682.365","9160.166","8522.108","5034.791","4561.748","4099.706","5346.486","4686.426","6618.935","7840.046","7568.688","6912.295","6266.903","6791.284","7726.369","7286.329","5460.163","7664.03","7825.378","6996.636","6776.616","6776.616","5658.181","6967.3","7249.659","9295.845","10685.638","11045.004","","","","",
"Cameroon","CMR","CO2 emissions (kt)","EN.ATM.CO2E.KT","271.358","282.359","289.693","300.694","337.364","311.695","344.698","458.375","506.046","572.052","638.058","810.407","861.745","898.415","975.422","1162.439","1092.766","1565.809","2002.182","1829.833","3905.355","5342.819","6343.91","6589.599","6057.884","6475.922","1994.848","1844.501","2200.2","7634.694","1734.491","1103.767","3788.011","3898.021","3817.347","4228.051","4462.739","3215.959","3208.625","3080.28","3432.312","3421.311","3417.644","3795.345","3956.693","3696.336","3861.351","5834.197","5544.504","6725.278","6780.283","5768.191","6127.557","6772.949","7003.97","","","","",
"Congo, Dem. Rep.","COD","CO2 emissions (kt)","EN.ATM.CO2E.KT","2321.211","2357.881","2174.531","2295.542","1976.513","2471.558","2405.552","2291.875","3369.973","3652.332","2713.58","2962.936","3021.608","3193.957","3369.973","3237.961","3413.977","3487.317","3538.655","3755.008","3501.985","3777.01","3072.946","4026.366","3964.027","3641.331","3377.307","3854.017","4019.032","4393.066","4070.37","2962.936","2816.256","2592.569","1639.149","2123.193","2317.544","1899.506","1668.485","1382.459","814.074","836.076","927.751","986.423","1199.109","1499.803","1609.813","1756.493","1859.169","1749.159","2020.517","2493.56","2401.885","3589.993","4671.758","","","","",
"Congo, Rep.","COG","CO2 emissions (kt)","EN.ATM.CO2E.KT","223.687","267.691","238.355","234.688","267.691","245.689","308.028","322.696","451.041","502.379","572.052","685.729","663.727","1221.111","1624.481","1100.1","1235.779","480.377","322.696","348.365","407.037","473.043","1345.789","1144.104","1140.437","1279.783","1067.097","1323.787","1499.803","1507.137","1188.108","1004.758","1279.783","1320.12","2148.862","1565.809","1716.156","2343.213","777.404","821.408","1048.762","766.403","575.719","916.75","949.753","982.756","1118.435","1213.777","1309.119","1745.492","1980.18","2258.872","2970.27","3087.614","3094.948","","","","",
"Colombia","COL","CO2 emissions (kt)","EN.ATM.CO2E.KT","16409.825","18217.656","19442.434","21257.599","21708.64","22885.747","23501.803","24715.58","26604.085","28048.883","28404.582","30326.09","31481.195","33699.73","36479.316","35896.263","38089.129","39354.244","41682.789","44433.039","44356.032","44458.708","45914.507","49449.495","48980.119","48378.731","49101.13","50487.256","52445.434","53233.839","57337.212","57120.859","62049.307","64022.153","67571.809","59614.419","60527.502","64909.567","65976.664","56512.137","57923.932","56273.782","55661.393","57421.553","55071.006","60945.54","62940.388","62430.675","68088.856","72661.605","76174.591","76530.29","79951.601","89625.147","84091.644","","","","",
"Comoros","COM","CO2 emissions (kt)","EN.ATM.CO2E.KT","11.001","11.001","11.001","11.001","11.001","14.668","18.335","18.335","18.335","18.335","29.336","29.336","29.336","29.336","29.336","33.003","40.337","40.337","29.336","22.002","47.671","47.671","47.671","47.671","47.671","47.671","44.004","47.671","51.338","51.338","62.339","66.006","66.006","69.673","69.673","73.34","77.007","80.674","88.008","91.675","102.676","102.676","102.676","132.012","143.013","139.346","161.348","102.676","106.343","132.012","161.348","135.679","143.013","176.016","154.014","","","","",
"Cabo Verde","CPV","CO2 emissions (kt)","EN.ATM.CO2E.KT","22.002","22.002","18.335","14.668","29.336","25.669","22.002","18.335","29.336","36.67","36.67","36.67","51.338","62.339","66.006","77.007","73.34","80.674","209.019","249.356","121.011","33.003","36.67","36.67","84.341","84.341","58.672","80.674","73.34","80.674","95.342","99.009","106.343","110.01","113.677","121.011","143.013","146.68","157.681","183.35","216.353","234.688","275.025","308.028","330.03","440.04","473.043","506.046","469.376","524.381","557.384","616.056","506.046","498.712","491.378","","","","",
"Costa Rica","CRI","CO2 emissions (kt)","EN.ATM.CO2E.KT","491.378","491.378","550.05","601.388","674.728","847.077","993.757","876.413","1037.761","1147.771","1250.447","1529.139","1763.827","2046.186","1906.84","2038.852","2086.523","2614.571","2922.599","2794.254","2464.224","2251.538","2086.523","2104.858","2002.182","2266.206","2607.237","2757.584","2940.934","2973.937","2955.602","3336.97","3791.678","3953.026","5269.479","4866.109","4748.765","4987.12","5317.15","5522.502","5474.831","5760.857","6325.575","6626.269","6930.63","6868.291","7099.312","8122.405","8129.739","7902.385","7568.688","7741.037","7766.706","7598.024","7759.372","","","","",
"Caribbean small states","CSS","CO2 emissions (kt)","EN.ATM.CO2E.KT","5878.201","8804.467","11771.07","5984.544","10652.635","11917.75","11756.402","14026.275","14026.275","14869.685","20960.572","25060.278","25580.992","30670.788","29482.68","31583.871","34766.827","38606.176","37091.705","37524.411","38837.197","32566.627","31620.541","28639.27","28899.627","31972.573","27894.869","29240.658","27146.801","29904.385","31594.872","32075.249","33945.419","33153.347","32856.32","33692.396","37836.106","36020.941","36989.029","40813.71","42493.196","45544.14","46636.906","50476.255","52232.748","56746.825","62265.66","63673.788","63354.759","61865.957","64792.223","64271.509","62863.381","65052.58","63637.118","","","","",
"Cuba","CUB","CO2 emissions (kt)","EN.ATM.CO2E.KT","13699.912","12181.774","14169.288","13039.852","14293.966","14609.328","15185.047","15749.765","16035.791","17260.569","18672.364","19607.449","20799.224","22398.036","22911.416","27066.127","27223.808","29402.006","30689.123","31712.216","31400.521","32749.977","34554.141","30843.137","32603.297","32577.628","33567.718","33952.753","35635.906","35738.582","33344.031","29710.034","31294.178","29380.004","32247.598","25709.337","26996.454","24649.574","24499.227","25331.636","26083.371","25452.647","26090.705","25485.65","25005.273","26006.364","27407.158","26794.769","30443.434","29897.051","38375.155","35987.938","36156.62","34799.83","34836.5","","","","",
"Cayman Islands","CYM","CO2 emissions (kt)","EN.ATM.CO2E.KT","11.001","11.001","11.001","11.001","11.001","11.001","18.335","14.668","22.002","44.004","36.67","44.004","55.005","58.672","55.005","55.005","66.006","69.673","91.675","91.675","161.348","154.014","161.348","168.682","183.35","190.684","201.685","216.353","223.687","256.69","249.356","271.358","311.695","330.03","363.033","363.033","385.035","407.037","429.039","429.039","465.709","469.376","487.711","495.045","462.042","473.043","484.044","572.052","583.053","557.384","557.384","586.72","535.382","535.382","542.716","","","","",
"Cyprus","CYP","CO2 emissions (kt)","EN.ATM.CO2E.KT","887.414","865.412","905.749","986.423","1001.091","1151.438","1243.113","1364.124","1624.481","1672.152","1705.155","1884.838","2405.552","2500.894","1925.175","1980.18","2464.224","2669.576","2808.922","3003.273","3208.625","3047.277","3102.282","3098.615","3182.956","3102.282","3545.989","4121.708","4129.042","4341.728","4374.731","4690.093","5181.471","5449.162","5643.513","5383.156","5936.873","5859.866","6406.249","6376.913","6930.63","6846.289","7022.305","7748.371","7334","7502.682","7788.708","8195.745","8577.113","8111.404","7708.034","7425.675","6919.629","5947.874","6061.551","","","","",
"Czech Republic","CZE","CO2 emissions (kt)","EN.ATM.CO2E.KT","","","","","","","","","","","","","","","","","","","","","","","","","","","","","","","","","138176.227","132631.723","125734.096","123830.923","125378.397","127413.582","122543.806","111975.512","123849.258","123720.913","119749.552","122059.762","116775.615","120108.918","122107.433","123302.875","116658.271","107659.453","111579.476","106907.718","101029.517","98675.303","96475.103","","","","",
"Germany","DEU","CO2 emissions (kt)","EN.ATM.CO2E.KT","","","","","","","","","","","","","","","","","","","","","","","","","","","","","","","","929973.202","891975.748","877645.112","865558.68","864110.215","889614.2","862276.715","855364.42","822460.429","829977.779","853662.932","829724.756","822812.461","816802.248","797180.131","816472.218","780546.619","780564.954","722263.321","758859.981","732497.918","739861.254","757312.507","719883.438","","","","",
"Djibouti","DJI","CO2 emissions (kt)","EN.ATM.CO2E.KT","40.337","44.004","47.671","66.006","84.341","121.011","139.346","88.008","121.011","84.341","139.346","161.348","190.684","179.683","194.351","198.018","198.018","198.018","201.685","363.033","348.365","300.694","348.365","348.365","352.032","359.366","377.701","388.702","348.365","388.702","322.696","311.695","311.695","311.695","304.361","304.361","311.695","326.363","315.362","315.362","341.031","366.7","399.703","421.705","407.037","414.371","410.704","462.042","498.712","462.042","517.047","473.043","517.047","608.722","722.399","","","","",
"Dominica","DMA","CO2 emissions (kt)","EN.ATM.CO2E.KT","11.001","11.001","11.001","14.668","14.668","14.668","14.668","22.002","22.002","18.335","25.669","25.669","25.669","25.669","29.336","29.336","29.336","25.669","25.669","33.003","36.67","36.67","40.337","40.337","44.004","47.671","47.671","47.671","55.005","58.672","58.672","58.672","58.672","62.339","66.006","80.674","73.34","80.674","77.007","80.674","102.676","110.01","102.676","117.344","113.677","117.344","113.677","154.014","132.012","132.012","139.346","128.345","135.679","132.012","135.679","","","","",
"Denmark","DNK","CO2 emissions (kt)","EN.ATM.CO2E.KT","29779.707","31734.218","36926.69","40707.367","43189.926","44337.697","50127.89","49075.461","53325.514","59401.733","62100.645","57062.187","59643.755","59266.054","55078.34","55778.737","60135.133","61847.622","61117.889","62999.06","60369.821","51789.041","53695.881","50175.561","50861.29","60072.794","58903.021","58341.97","55107.676","48785.768","50230.566","60270.812","54322.938","57065.854","61000.545","57172.197","72181.228","61557.929","59552.08","55148.013","51330.666","52918.477","52049.398","55998.757","50600.933","47095.281","54986.665","50256.235","46933.933","44510.046","46640.573","40645.028","36427.978","38532.836","33498.045","","","","",
"Dominican Republic","DOM","CO2 emissions (kt)","EN.ATM.CO2E.KT","1041.428","1030.427","1243.113","1250.447","1749.159","1547.474","1672.152","1569.476","2350.547","2654.908","3109.616","3523.987","4675.425","5966.209","6417.25","6340.243","6332.909","5614.177","5449.162","6809.619","6457.587","6167.894","6340.243","7913.386","7444.01","7293.663","8181.077","9754.22","9834.894","10366.609","9229.839","10043.913","10923.993","11763.736","12475.134","15885.444","17326.575","18001.303","18397.339","18562.354","19790.799","19816.468","21330.939","21514.289","18309.331","18639.361","19783.465","21173.258","20711.216","20227.172","21022.911","21228.263","22123.011","21440.949","21539.958","","","","",
"Algeria","DZA","CO2 emissions (kt)","EN.ATM.CO2E.KT","6160.56","6065.218","5669.182","5427.16","5650.847","6596.933","8430.433","8441.434","9061.157","11276.025","15075.037","18668.697","28349.577","38312.816","31906.567","32031.245","39170.894","41891.808","62529.684","45621.147","66519.38","46438.888","39269.903","52625.117","71103.13","72786.283","76277.267","84120.98","83948.631","80046.943","76970.33","79049.519","80138.618","82210.473","86416.522","95294.329","97098.493","87340.606","106999.393","92045.367","87861.32","84219.989","89907.506","91575.991","88510.379","107278.085","101069.854","109404.945","110208.018","121399.702","119177.5","121187.016","129987.816","134465.223","145400.217","","","","",
"East Asia & Pacific (excluding high income)","EAP","CO2 emissions (kt)","EN.ATM.CO2E.KT","852797.324739096","623027.469934611","509627.282751197","506657.051945714","513528.312000181","558536.95280793","616280.889930313","535188.909564435","584688.577325681","705613.356146836","914610.692190821","1029392.06724307","1091262.41831868","1143764.00067468","1160766.99452099","1328935.83470844","1392354.61954939","1535491.68792939","1706619.67437513","1749063.88164953","1725480.04430053","1714592.619388","1851104.1779067","1952649.42202255","2104261.93194985","2275308.03007145","2388444.19424803","2546786.43554007","2732538.93223584","2785211.7356332","2864274.91257923","3045419.52111213","3216890.32937837","3457279.9199126","3667655.24020144","3996721.66463895","4202090.88454584","4259610.79183405","4016009.1086384","4049087.37109915","4197275.78659543","4342204.04961638","4736796.18274019","5488494.26048937","6246987.45270092","6940455.83668431","7575023.44975857","8122758.08099016","8727787.2984927","9227347.39184399","10039666.1048751","11172154.6228686","11515570.1000257","11634035.3848109","11688627.3270674","","","","",
"Early-demographic dividend","EAR","CO2 emissions (kt)","EN.ATM.CO2E.KT","582183.365482189","606142.938144063","641190.788444805","671869.717674938","716683.604530826","768296.144020763","807440.485768748","877563.949534177","972043.892609464","1021630.59159807","1098450.1541198","1171859.55116625","1224906.05495049","1347948.9911399","1399948.24722896","1430968.18741166","1555575.99632897","1666901.65889072","1749878.45713291","1848615.75927757","1938021.64054968","2012198.92047215","2102818.9271366","2158703.38448115","2234946.60475377","2354466.65012223","2473250.51152263","2573525.70583092","2700345.92101872","2827455.21368088","2851174.98404424","3077550.43235511","3173489.86126998","3330373.20410115","3448305.26393148","3500968.89484119","3684279.40510518","3784619.025","3885534.865","4080692.605","4236793.128","4289755.609","4370301.264","4598872.708","4833377.358","5002701.083","5278881.188","5489631.012","5868138.752","6099152.418","6167446.626","6501539.662","6881092.497","6722579.088","7079254.54580901","","","","",
"East Asia & Pacific","EAS","CO2 emissions (kt)","EN.ATM.CO2E.KT","1210071.82510335","1041180.50508214","948555.162295364","991794.622478286","1046001.61295184","1134631.20721679","1230384.45503114","1241556.91114791","1376913.79181703","1608550.07805351","1971531.75854444","2127031.63433671","2264146.33962921","2412761.03573594","2434009.16691184","2570142.39150683","2701949.69363129","2903579.16220653","3081138.27963793","3203041.8859694","3193797.44890908","3161341.91927784","3279927.00974151","3379308.41184069","3613904.52075002","3782659.9415098","3913007.9855406","4093944.87805173","4421226.09811271","4559018.58064161","4703785.13167394","4912997.30841038","5156986.82439685","5447899.73718718","5758134.25389388","6122092.9773115","6413087.36897592","6523428.28242819","6184239.13673583","6313362.34652766","6547512.56528968","6681613.48013782","7132996.3231742","7900304.85077778","8716017.43856854","9373914.30299666","10029012.4179611","10634881.1534338","11224859.7412307","11631078.2348174","12584718.1847754","13753828.8306651","14109486.4296155","14258139.2746554","14272114.6815449","","","","",
"Europe & Central Asia (excluding high income)","ECA","CO2 emissions (kt)","EN.ATM.CO2E.KT","","","","","","","","","","","","","","","","","","","","","","","","","","","","","","","","","3763548.44316978","3456731.03776255","3027704.98585423","2935576.62400308","2869776.00133134","2685747.72600598","2645068.93468779","2655558.8347506","2693323.97299886","2693773.37964203","2710131.78145365","2829745.1045904","2862282.14555637","2881292.04656273","2992020.00410858","3035024.25607985","3090503.89346021","2812194.39710881","3014100.88508742","3162405.47410807","3226413.93903908","3138263.12296296","3029861.39407698","","","","",
"Europe & Central Asia","ECS","CO2 emissions (kt)","EN.ATM.CO2E.KT","","","","","","","","","","","","","","","","","","","","","","","","","","","","","","","","","7644380.69946869","7275289.96191815","6816598.17339882","6775802.78453957","6822776.15216718","6568968.20117252","6552558.98614548","6506503.61656134","6557163.78278289","6640964.41869474","6628475.20337752","6820399.72174819","6864186.00745875","6866418.07528219","7002692.16836015","6971910.56318529","6959492.28134962","6390990.53578785","6703823.28491672","6682339.14327848","6685250.94029081","6551568.98086108","6245991.8570744","","","","",
"Ecuador","ECU","CO2 emissions (kt)","EN.ATM.CO2E.KT","1763.827","1646.483","1565.809","1796.83","2145.195","2277.207","2420.22","2592.569","3116.95","3593.66","4283.056","4224.384","4594.751","5262.145","6090.887","7363.336","8111.404","7484.347","10425.281","12167.106","13443.222","16692.184","19288.42","19556.111","21257.599","19431.433","15276.722","15115.374","17271.57","20267.509","16827.863","16497.833","22280.692","24205.867","13652.241","22841.743","24191.199","18360.669","22460.375","21495.954","20718.55","23116.768","24950.268","26967.118","29046.307","30263.751","28859.29","31888.232","33868.412","36068.612","36460.981","38609.843","38140.467","40997.06","43919.659","","","","",
"Egypt, Arab Rep.","EGY","CO2 emissions (kt)","EN.ATM.CO2E.KT","16054.126","17088.22","18595.357","21554.626","25522.32","27641.846","26563.748","19677.122","22904.082","19695.457","21686.638","23047.095","25511.319","23795.163","26123.708","31099.827","34495.469","37865.442","39313.907","42947.904","45239.779","50978.634","56523.138","57091.523","63838.803","63937.812","74564.778","74810.467","74531.775","72181.228","75943.57","78715.822","81264.387","93156.468","85312.755","95723.368","102030.608","108202.169","122243.112","125393.065","141326.18","125451.737","127193.562","147963.45","150911.718","167207.866","178586.567","189092.522","198586.385","206734.459","202715.427","217163.407","217068.065","213412.066","201894.019","","","","",
"Euro area","EMU","CO2 emissions (kt)","EN.ATM.CO2E.KT","","","","","","","","","","","","","","","","","","","","","","","","","","","","","","","","2648355.74202849","2580075.531","2526548.332","2513970.522","2567956.096","2634270.124","2600981.098","2648245.061","2618685.374","2637002.039","2702325.977","2701885.937","2741595.88","2767041.193","2750877.057","2752365.859","2704749.864","2642509.873","2443076.411","2496137.901","2402097.686","2352138.478","2308651.525","2191542.213","","","","",
"Eritrea","ERI","CO2 emissions (kt)","EN.ATM.CO2E.KT","","","","","","","","","","","","","","","","","","","","","","","","","","","","","","","","","","","865.412","935.085","1012.092","865.412","590.387","619.723","608.722","630.724","605.055","726.066","770.07","766.403","561.051","579.386","414.371","513.38","513.38","594.054","660.06","667.394","696.73","","","","",
"Spain","ESP","CO2 emissions (kt)","EN.ATM.CO2E.KT","48928.781","53677.546","60054.459","58822.347","64410.855","71117.798","77729.399","86519.198","97157.165","96882.14","116929.629","128682.364","145026.183","155367.123","173152.073","181644.845","198443.372","195663.786","200493.225","203745.854","215003.544","207288.176","209906.414","204867.956","198953.085","201233.959","190467.647","190878.351","199033.759","226671.938","218597.204","225634.177","233921.597","219253.597","233404.55","241611.296","233305.541","252073.247","261541.441","282355.333","294434.431","297830.073","314518.59","321097.188","339428.521","353462.13","350037.152","358236.564","329285.599","288237.201","270910.626","270547.593","264779.402","237034.88","233976.602","","","","",
"Estonia","EST","CO2 emissions (kt)","EN.ATM.CO2E.KT","","","","","","","","","","","","","","","","","","","","","","","","","","","","","","","","","23879.504","19508.44","19042.731","17520.926","18349.668","18107.646","16310.816","15159.378","14858.684","15570.082","14888.02","17124.89","17282.571","16754.523","16175.137","18709.034","17491.59","14565.324","18107.646","18606.358","17623.602","19893.475","19519.441","","","","",
"Ethiopia","ETH","CO2 emissions (kt)","EN.ATM.CO2E.KT","352.032","341.031","396.036","421.705","407.037","645.392","825.075","1074.431","1727.157","1668.485","1653.817","1851.835","1408.128","1752.826","1738.158","1210.11","1177.107","1048.762","1371.458","1848.168","1822.499","1866.503","1481.468","1844.501","1664.818","1815.165","2214.868","2581.568","2673.243","2827.257","3017.941","2984.938","2966.603","3028.942","2240.537","2563.233","2860.26","3050.944","3219.626","3157.287","3549.656","4352.729","4521.411","4987.12","5295.148","5119.132","5504.167","6013.88","6578.598","6629.936","6585.932","7726.369","8562.445","10634.3","11598.721","","","","",
"European Union","EUU","CO2 emissions (kt)","EN.ATM.CO2E.KT","2359594.88616257","2445945.66448806","2587255.91070044","2763661.25757858","2879590.41115436","2977005.80825103","3066068.19737396","3135494.78417058","3317198.68088281","3520600.6586313","3753440.75589915","3846741.98488936","3999496.05981202","4203895.41164692","4142868.58473433","4065317.55485878","4331569.68402158","4315907.79407083","4457560.88762541","4647643.76559488","4518359.14964319","4266013.11646652","4171917.1050012","4111986.35065234","4084428.69685839","4189511.40724439","4179574.02897713","4258989.94060801","4202996.7360378","4323273.81727155","4100786.67080696","4112588.93082955","3994290.751","3938794.373","3884988.482","3947855.53","4055918.353","3963003.907","3968801.434","3896092.158","3911984.936","3997697.394","3973997.573","4047102.885","4056134.706","4039746.883","4071767.127","4003410.58","3915303.571","3601566.052","3709775.555","3568090.009","3494155.955","3421472.348","3241844.353","","","","",
"Fragile and conflict affected situations","FCS","CO2 emissions (kt)","EN.ATM.CO2E.KT","33985.8058375046","35050.016542609","36966.8479745202","37422.8039769985","39474.6059881512","52451.8305017129","65592.3144225547","72434.0226067086","99440.1659551475","106038.883393582","104934.034846641","105287.130774014","98005.001863244","103271.066930625","101585.318632199","104125.331271044","132167.982019191","129282.466913777","129889.943778075","156835.339440084","149735.453588603","142172.366628096","142768.453301188","157757.944927736","163513.788216958","173442.238217825","181263.502845659","193302.934949961","217317.254741733","220992.489770735","192274.021011056","199292.09679228","210291.763430455","218649.41086307","237208.471798319","240213.167873646","237110.205008435","240783.871153362","252540.837157404","257411.903624418","258540.059219799","273383.417454683","266391.871239828","291644.555171108","321207.201433797","324231.339482608","314031.472372841","289985.427064528","330822.602960565","347247.971215703","365200.491478033","366671.082299773","382745.771205111","409663.131144183","422731.856061273","","","","",
"Finland","FIN","CO2 emissions (kt)","EN.ATM.CO2E.KT","15104.373","14939.358","16809.528","19358.093","22852.744","25327.969","29519.35","28617.268","33314.695","37935.115","40395.672","40582.689","44161.681","49387.156","46680.91","46101.524","51279.328","50219.565","51913.719","54333.939","58246.628","51510.349","43083.583","41576.446","42254.841","49665.848","53329.181","57656.241","52185.077","52584.78","51745.037","53699.548","47472.982","50402.915","57223.535","52713.125","61282.904","59933.448","56988.847","55423.038","52427.099","57051.186","61682.607","69130.284","67091.432","54645.634","66200.351","63985.483","56519.471","53149.498","62082.31","56816.498","49134.133","47219.959","47300.633","","","","",
"Fiji","FJI","CO2 emissions (kt)","EN.ATM.CO2E.KT","194.351","168.682","231.021","242.022","425.372","344.698","322.696","355.699","396.036","432.706","520.714","550.05","579.386","630.724","671.061","623.39","484.044","766.403","711.398","839.743","795.739","1081.765","839.743","715.065","583.053","579.386","605.055","476.71","553.717","630.724","814.074","671.061","748.068","751.735","748.068","762.736","821.408","792.072","770.07","784.738","843.41","1056.096","891.081","1048.762","1353.123","1096.433","1217.444","1158.772","894.748","792.072","1221.111","1089.099","1059.763","1151.438","1169.773","","","","",
"France","FRA","CO2 emissions (kt)","EN.ATM.CO2E.KT","271218.654","281211.229","298706.486","334019.696","345303.055","351852.317","347235.564","372009.816","384631.63","413259.899","439013.24","462434.369","480729.032","516599.626","499071.366","446919.292","505602.293","480857.377","505858.983","529155.434","505363.938","454700.666","436893.714","422603.415","405342.846","400880.107","385614.386","377491.981","372207.834","390649.177","375691.484","390689.514","365893.26","359916.05","338119.402","349160.739","375306.449","351562.624","377444.31","368918.535","362226.26","377535.985","375075.428","380689.605","383758.884","385368.697","375764.824","369142.222","366325.966","351899.988","353033.091","331804.828","333227.624","334096.703","303275.568","","","","",
"Faroe Islands","FRO","CO2 emissions (kt)","EN.ATM.CO2E.KT","58.672","113.677","117.344","124.678","121.011","135.679","139.346","168.682","183.35","212.686","256.69","260.357","234.688","253.023","300.694","348.365","330.03","407.037","399.703","480.377","421.705","440.04","458.375","487.711","498.712","517.047","491.378","498.712","528.048","579.386","711.398","667.394","649.059","583.053","575.719","572.052","601.388","590.387","623.39","630.724","689.396","762.736","726.066","733.4","748.068","722.399","678.395","689.396","630.724","575.719","630.724","568.385","590.387","678.395","597.721","","","","",
"Micronesia, Fed. Sts.","FSM","CO2 emissions (kt)","EN.ATM.CO2E.KT","","","","","","","","","","","","","","","","","","","","","","","","","","","","","","","","","99.009","99.009","102.676","106.343","106.343","110.01","117.344","110.01","124.678","168.682","143.013","143.013","143.013","121.011","121.011","139.346","117.344","161.348","113.677","121.011","135.679","143.013","150.347","","","","",
"Gabon","GAB","CO2 emissions (kt)","EN.ATM.CO2E.KT","132.012","165.015","88.008","73.34","190.684","216.353","381.368","1012.092","1961.845","1433.797","2082.856","2845.592","2739.249","5313.483","5452.829","5368.488","5709.519","6314.574","7561.354","6754.614","6633.603","6574.931","6556.596","5518.835","5995.545","6318.241","4968.785","4022.699","4334.394","5771.858","4499.409","4536.079","4932.115","4990.787","4389.399","4624.087","4774.434","4796.436","4979.786","4807.437","4693.76","4800.103","4572.749","4642.422","4686.426","4888.111","4173.046","4118.041","4173.046","4250.053","4811.104","4972.452","5104.464","5280.48","5192.472","","","","",
"United Kingdom","GBR","CO2 emissions (kt)","EN.ATM.CO2E.KT","584299.78","588938.535","593360.937","603822.888","608355.3","622619.93","618564.228","592517.527","606969.174","628857.497","653063.364","660863.073","648486.948","660034.331","617607.141","603643.205","598912.775","604746.972","605084.336","644893.288","579290.658","560819.979","548520.861","545741.275","529335.117","559855.558","568777.369","571868.65","570464.189","581721.879","555924.534","566830.192","556280.233","545711.939","546738.699","538117.582","551436.126","527343.936","531905.684","530937.596","541784.582","545862.286","528642.054","540006.087","539239.684","542580.321","541458.219","528425.701","520688.331","471719.213","493207.833","447828.708","468572.927","458250.322","419820.162","","","","",
"Georgia","GEO","CO2 emissions (kt)","EN.ATM.CO2E.KT","","","","","","","","","","","","","","","","","","","","","","","","","","","","","","","","","15335.394","9952.238","6083.553","2302.876","4066.703","4437.07","4961.451","4345.395","4536.079","3769.676","3388.308","3773.343","4323.393","5067.794","6149.559","6420.917","5166.803","6241.234","6314.574","7972.058","8441.434","7858.381","8987.817","","","","",
"Ghana","GHA","CO2 emissions (kt)","EN.ATM.CO2E.KT","1463.133","1345.789","1433.797","1723.49","1650.15","1705.155","1441.131","1496.136","1763.827","1690.487","2625.572","2295.542","2423.887","2475.225","2937.267","2746.583","2434.888","3003.273","2970.27","2658.575","2559.566","3047.277","3043.61","3655.999","2581.568","3325.969","3047.277","3285.632","3450.647","3344.304","3817.347","3934.691","3982.362","4547.08","4954.117","5276.813","5610.51","6365.912","6402.582","6549.262","6288.905","6919.629","7422.008","7631.027","7348.668","6992.969","9358.184","9827.56","9138.164","7708.034","9955.905","9831.227","11877.413","14620.329","14466.315","","","","",
"Gibraltar","GIB","CO2 emissions (kt)","EN.ATM.CO2E.KT","47.671","51.338","55.005","55.005","55.005","47.671","55.005","62.339","66.006","66.006","69.673","80.674","73.34","84.341","77.007","88.008","77.007","77.007","69.673","91.675","88.008","51.338","22.002","36.67","33.003","44.004","40.337","47.671","69.673","69.673","143.013","198.018","234.688","238.355","282.359","275.025","282.359","293.36","308.028","319.029","333.697","344.698","348.365","355.699","385.035","399.703","418.038","414.371","425.372","462.042","465.709","451.041","462.042","491.378","528.048","","","","",
"Guinea","GIN","CO2 emissions (kt)","EN.ATM.CO2E.KT","410.704","616.056","660.06","696.73","700.397","696.73","718.732","726.066","748.068","748.068","792.072","814.074","832.409","803.073","839.743","843.41","887.414","902.082","902.082","946.086","964.421","990.09","982.756","953.42","979.089","993.757","997.424","993.757","1026.76","1045.095","1004.758","1026.76","1059.763","1089.099","1250.447","1290.784","1364.124","1419.129","1503.47","1580.477","1642.816","1719.823","1804.164","1881.171","1943.51","1826.166","1892.172","1969.179","2189.199","2262.539","2603.57","2779.586","2581.568","2299.209","2449.556","","","","",
"Gambia, The","GMB","CO2 emissions (kt)","EN.ATM.CO2E.KT","18.335","22.002","25.669","29.336","29.336","29.336","33.003","33.003","36.67","47.671","47.671","55.005","66.006","62.339","62.339","99.009","99.009","113.677","139.346","146.68","157.681","157.681","161.348","161.348","172.349","172.349","161.348","179.683","183.35","179.683","176.016","179.683","179.683","187.017","187.017","198.018","198.018","198.018","212.686","231.021","245.689","253.023","289.693","289.693","293.36","293.36","308.028","352.032","366.7","381.368","432.706","447.374","454.708","432.706","513.38","","","","",
"Guinea-Bissau","GNB","CO2 emissions (kt)","EN.ATM.CO2E.KT","18.335","29.336","40.337","47.671","58.672","66.006","66.006","47.671","62.339","58.672","69.673","73.34","66.006","110.01","102.676","113.677","95.342","102.676","102.676","110.01","146.68","143.013","143.013","143.013","161.348","172.349","183.35","194.351","216.353","231.021","172.349","176.016","179.683","183.35","183.35","183.35","183.35","201.685","172.349","194.351","146.68","150.347","154.014","194.351","201.685","212.686","216.353","231.021","227.354","234.688","238.355","245.689","253.023","256.69","271.358","","","","",
"Equatorial Guinea","GNQ","CO2 emissions (kt)","EN.ATM.CO2E.KT","22.002","22.002","22.002","25.669","25.669","29.336","25.669","25.669","29.336","44.004","36.67","66.006","88.008","29.336","51.338","62.339","62.339","62.339","69.673","62.339","58.672","69.673","73.34","62.339","80.674","66.006","80.674","99.009","106.343","117.344","66.006","143.013","157.681","99.009","33.003","128.345","113.677","289.693","165.015","465.709","454.708","3094.948","4979.786","6017.547","5218.141","4712.095","4756.099","4796.436","4503.076","4620.42","4679.092","6127.557","5115.465","5163.136","5346.486","","","","",
"Greece","GRC","CO2 emissions (kt)","EN.ATM.CO2E.KT","9405.855","9823.893","10164.924","12258.781","13223.202","17025.881","18650.362","19534.109","22321.029","25474.649","24165.53","27814.195","31572.87","37256.72","36218.959","38873.867","42911.234","46999.939","48081.704","51293.996","51429.675","50721.944","52148.407","55544.049","57054.853","60600.842","59130.375","63472.103","67989.847","74183.41","74278.752","74062.399","75499.863","75712.549","77909.082","78781.828","80241.294","83717.61","87751.31","86636.542","91616.328","93805.527","93669.848","95738.036","97149.831","98675.303","97285.51","98246.264","95965.39","91942.691","83856.956","79841.591","80043.276","69482.316","67318.786","","","","",
"Grenada","GRD","CO2 emissions (kt)","EN.ATM.CO2E.KT","22.002","18.335","25.669","14.668","22.002","22.002","29.336","36.67","40.337","47.671","44.004","47.671","47.671","55.005","36.67","47.671","47.671","47.671","51.338","47.671","47.671","58.672","62.339","62.339","62.339","62.339","66.006","73.34","95.342","102.676","106.343","110.01","117.344","121.011","143.013","150.347","154.014","168.682","176.016","194.351","190.684","194.351","205.352","216.353","205.352","216.353","231.021","238.355","253.023","253.023","260.357","253.023","271.358","304.361","242.022","","","","",
"Greenland","GRL","CO2 emissions (kt)","EN.ATM.CO2E.KT","223.687","293.36","264.024","330.03","315.362","344.698","388.702","418.038","542.716","407.037","381.368","469.376","553.717","557.384","557.384","506.046","220.02","722.399","392.369","572.052","564.718","528.048","517.047","363.033","568.385","509.713","326.363","234.688","546.383","473.043","553.717","546.383","480.377","498.712","502.379","502.379","517.047","520.714","528.048","539.049","531.715","539.049","539.049","531.715","583.053","608.722","627.057","638.058","660.06","575.719","663.727","707.731","568.385","553.717","506.046","","","","",
"Guatemala","GTM","CO2 emissions (kt)","EN.ATM.CO2E.KT","1345.789","1408.128","1382.459","1521.805","1771.161","1976.513","1741.825","1983.847","2141.528","2280.874","2299.209","2442.222","2709.913","2937.267","3069.279","3523.987","3311.301","3813.68","4129.042","4693.76","4510.41","3967.694","3626.663","3179.289","3421.311","3523.987","3700.003","3993.363","4125.375","4246.386","5086.129","5053.126","6017.547","5658.181","6838.955","7165.318","6651.938","7598.024","8753.129","8929.145","9915.568","10626.966","11096.342","10828.651","11620.723","12570.476","12647.483","12625.481","11430.039","11851.744","11664.727","11837.076","11972.755","13633.906","18327.666","","","","",
"Guyana","GUY","CO2 emissions (kt)","EN.ATM.CO2E.KT","660.06","737.067","678.395","616.056","649.059","1078.098","1180.774","1323.787","1331.121","1367.791","1580.477","1499.803","1562.142","1804.164","1554.808","1826.166","1752.826","1899.506","2057.187","1521.805","1789.496","1800.497","1404.461","1246.78","1404.461","1419.129","1045.095","1309.119","1404.461","1184.441","1133.103","1114.768","1045.095","1045.095","1386.126","1463.133","1518.138","1591.478","1657.484","1679.486","1609.813","1595.145","1580.477","1565.809","1628.148","1437.464","1290.784","1562.142","1558.475","1565.809","1719.823","1782.162","1994.848","1936.176","2009.516","","","","",
"High income","HIC","CO2 emissions (kt)","EN.ATM.CO2E.KT","5761118.09293347","5888655.72979095","6162723.44401787","6501176.04378113","6836217.11918024","7138903.40663003","7453710.7408059","7784729.9749779","8199224.72857931","8732427.93608013","9492769.73135189","9689855.49414896","10173554.8726391","10704649.1818075","10458247.9576178","10125054.3059419","10675505.4353381","10899822.6037867","11181890.8269575","11489798.1733856","11250071.7147917","10792547.2453127","10393658.3393711","10370513.6920414","10647741.6864182","10759652.5262753","10800749.4265939","11106640.4707123","11515468.4108167","11804951.3022493","11561793.6993953","11711037.3092393","11847688.7828839","12014882.784306","12176395.4896822","12265205.244883","12605597.9293177","12702602.5682068","12704862.5921837","12892778.9923138","13307528.3030047","13261794.9722862","13336269.1932858","13544231.8223488","13794815.1962629","13816625.3463485","13852212.4556034","13928700.4865856","13772700.7344926","13051190.3972521","13509175.7710678","13285754.1101469","13158223.1828039","13137588.5711515","13143909.7115314","","","","",
"Hong Kong SAR, China","HKG","CO2 emissions (kt)","EN.ATM.CO2E.KT","2955.602","3373.64","3685.335","4250.053","4224.384","4807.437","5166.803","6057.884","6204.564","7759.372","8401.097","9160.166","9284.844","9295.845","10678.304","11019.335","12508.137","14231.627","15753.432","15885.444","16662.848","18690.699","19702.791","21015.577","22346.698","23014.092","25698.336","28272.57","29482.68","30348.092","27333.818","28639.27","33094.675","34964.845","31283.177","31470.194","29123.314","30703.791","39101.221","42716.883","40439.676","37957.117","39636.603","43358.608","41708.458","43871.988","42056.823","43721.641","43978.331","42148.498","40678.031","43794.981","43424.614","45005.091","46222.535","","","","",
"Honduras","HND","CO2 emissions (kt)","EN.ATM.CO2E.KT","616.056","737.067","700.397","711.398","722.399","751.735","806.74","876.413","1224.778","1177.107","1389.793","1331.121","1536.473","1510.804","1558.475","1668.485","1778.495","2002.182","2049.853","1932.509","2057.187","1822.499","1763.827","2002.182","1987.514","1906.84","1848.168","2174.531","2504.561","2728.248","2592.569","2698.912","3076.613","2849.259","3336.97","3879.686","3960.36","4158.378","4649.756","4741.431","5031.124","5713.186","6090.887","6769.282","7367.003","7554.02","7007.637","8778.798","8672.455","7873.049","7975.725","8954.814","8984.15","9064.824","9471.861","","","","",
"Heavily indebted poor countries (HIPC)","HPC","CO2 emissions (kt)","EN.ATM.CO2E.KT","19753.6654726036","20809.0705735441","20844.2507435755","22041.7424213945","23976.1520547945","28009.3497260274","29217.4504109589","31838.0995890411","35599.939260274","39848.7364383562","43201.6804931507","46402.218","47573.1463561644","51041.324630137","52134.1910958904","52041.2602739726","50688.1875068493","52498.4799178082","54639.6060547945","55505.7213150685","60007.2903287671","58906.9893972603","60208.0209041096","60598.3303561644","58728.5622191781","62553.5948493151","55293.8390410959","61393.8181917808","66527.3167945206","70445.2802465753","60289.8000273973","57758.3644383562","59877.1871780822","61962.5548219178","64040.488","70600.751","73963.39","76390.944","74385.095","74531.775","77062.005","80094.614","85657.453","90890.262","98341.606","100772.827","108579.87","116174.227","120966.996","124549.655","139386.337","150776.039","160357.91","174501.529","186998.665","","","","",
"Croatia","HRV","CO2 emissions (kt)","EN.ATM.CO2E.KT","","","","","","","","","","","","","","","","","","","","","","","","","","","","","","","","","16417.159","16750.856","16490.499","16985.544","16956.208","18907.052","20153.832","19992.484","19339.758","20395.854","21473.952","22984.756","22376.034","22592.387","22607.055","23828.166","22592.387","21165.924","20172.167","19809.134","17993.969","17550.262","16842.531","","","","",
"Haiti","HTI","CO2 emissions (kt)","EN.ATM.CO2E.KT","286.026","297.027","304.361","249.356","300.694","304.361","304.361","260.357","264.024","315.362","385.035","403.37","392.369","421.705","473.043","484.044","674.728","707.731","755.402","755.402","751.735","766.403","825.075","894.748","913.083","942.419","843.41","913.083","1023.093","1037.761","993.757","997.424","909.416","663.727","300.694","902.082","1034.094","1367.791","1232.112","1331.121","1367.791","1569.476","1826.166","1734.491","1987.514","2075.522","2112.192","2390.884","2398.218","2269.873","2126.86","2218.535","2313.877","2405.552","2860.26","","","","",
"Hungary","HUN","CO2 emissions (kt)","EN.ATM.CO2E.KT","45371.791","48976.452","50560.596","56281.116","62401.339","61293.905","61733.945","58829.681","61154.559","62419.674","70003.03","69280.631","69430.978","73068.642","74102.736","75389.853","80013.94","83204.23","88187.683","86229.505","86860.229","86618.207","86871.23","89137.436","90853.592","86104.827","83537.927","84436.342","78264.781","76090.25","69647.331","66585.386","60395.49","61917.295","58884.686","60369.821","62063.975","60886.868","59163.378","58800.345","55826.408","56977.846","56064.763","59053.368","57458.223","58019.274","57388.55","56035.427","54843.652","48510.743","50223.232","47843.349","44583.386","42141.164","42086.159","","","","",
"IBRD only","IBD","CO2 emissions (kt)","EN.ATM.CO2E.KT","2555413.24904503","2274910.28453441","2200312.03492193","2271035.55616569","2382618.29226775","2555902.85693088","2739171.35198458","2707040.44014854","2949489.84997845","3263188.72295757","3700374.80623525","4002560.00793195","4223381.49179409","4484385.45232995","4618106.25856727","4996772.8137232","5310350.01077882","5665492.88842113","6098197.03869234","6316137.80475705","6370142.24458338","6313700.89101885","6678105.1460426","6911877.56258336","7236114.18503804","7671078.42083969","7996779.40188989","8433108.53042019","8832215.32121693","9092451.18422532","9008082.02559765","9347888.28915501","9655081.02021302","9715736.57847905","9633765.62862866","10014023.2333926","10292569.8701631","10283261.1798994","10134274.285553","10306416.9610179","10510284.2712722","10720015.0625823","11154045.1687546","12204318.6680949","13173559.8162472","14066019.9130355","15013501.073","15751822.187","16749154.512","17161750.684","18258304.695","19728658.018","20440144.026","20545958.978","20784533.998","","","","",
"IDA & IBRD total","IBT","CO2 emissions (kt)","EN.ATM.CO2E.KT","2646764.144345","2365642.32472124","2296576.15562443","2373491.2758607","2495119.87715418","2682994.29680694","2873778.04177517","2846524.0172683","3106707.98987651","3429130.34523895","3887900.85101776","4213158.88487355","4441075.28852521","4726698.51424292","4887969.74994137","5248134.42716756","5580413.17339949","5936382.23020217","6374719.39719254","6644716.98114828","6710905.93764479","6663220.88494221","7031760.19765755","7271048.93977999","7621925.68683382","8072921.67164553","8407514.0977416","8850849.47745286","9288146.0420163","9511355.26259481","9423883.77241969","9774794.07821153","10105390.0678133","10165272.0271519","10069790.9502537","10448079.9567606","10754259.7163163","10746189.4624434","10614995.3490496","10802423.4039668","11049625.1146803","11279397.139713","11727213.3539357","12812844.5566616","13810068.8417412","14707003.836192","15676787.4549924","16454110.7504942","17464977.1249812","17847871.2121729","18984137.5288725","20490771.8849188","21209667.204536","21340064.971074","21583850.6637833","","","","",
